<?xml version="1.0" encoding="ISO-8859-1"?>

<product productid="testpackage" active="1">
	<title>Sample Product</title>
	<description>Sets user title and adds addition text for Yahoo and Google email addresses</description>
	<version>5.0.0</version>
	<url />
	<versioncheckurl />
	<dependencies>
	</dependencies>
	<codes>
	</codes>
	<templates>
		<template name="testpackage_userchanges.css" templatetype="template" date="1518218419" username="kevin" version="5.0.0"><![CDATA[.usertitle {
	color:green;
}]]></template>
		<template name="testpackage_userpanel" templatetype="template" date="1518219083" username="kevin" version="5.0.0"><![CDATA[{vb:data emailname, testpackage:email, nameFromUserId, {vb:raw userInfo.userid}}
<vb:comment>
This includes the test package css rollup defined in the package XML directory.  Using the
rollup is not necesary, you can include an individual css template here.
However if a template is in a rollup, only the rollup should be used.
</vb:comment>
{vb:cssExtra main-testpackage.css}
<vb:if condition="$emailname['name']">
<span class='testpackage_email'>{vb:phrase testproduct_x_email_user, {vb:var emailname.name}}</span>
</vb:if>]]></template>
		<template name="testpackage_userpanel.css" templatetype="template" date="1518218527" username="kevin" version="5.0.0"><![CDATA[.testpackage_email {
	font-weight:bold;
}]]></template>
	</templates>
	<stylevardfns>
	</stylevardfns>
	<stylevars>
	</stylevars>
	<hooks>
		<hook>
			<hookname>conversation_userstats</hookname>
			<title>User Panel</title>
			<active>1</active>
			<hookorder>10</hookorder>
			<template>testpackage_userpanel</template>
			<arguments><![CDATA[a:1:{s:8:"userInfo";a:1:{s:8:"userInfo";i:1;}}]]></arguments>
		</hook>
	</hooks>
	<phrases>
		<phrasetype name="GLOBAL" fieldname="global">
			<phrase name="testproduct_x_email_user" date="1465340711" username="kevin" version="5.0.0"><![CDATA[I use {1}]]></phrase>
		</phrasetype>
	</phrases>
	<options>
	</options>
	<helptopics>
	</helptopics>
	<cronentries>
	</cronentries>
	<faqentries>
	</faqentries>
	<widgets>
	</widgets>
	<pagetemplates>
	</pagetemplates>
	<pages>
	</pages>
	<channels>
	</channels>
	<routes>
	</routes>
</product>
