<?xml version="1.0" encoding="ISO-8859-1"?>

<product productid="localapi" active="1">
	<title>One off custom API functions</title>
	<description>Allows you to create custom php functions to replace snippets for the PHP widget</description>
	<version>1.0.0</version>
	<url />
	<versioncheckurl />
	<dependencies>
	</dependencies>
	<codes>
	</codes>
	<templates>
	</templates>
	<stylevardfns>
	</stylevardfns>
	<stylevars>
	</stylevars>
	<hooks>
	</hooks>
	<phrases>
	</phrases>
	<options>
	</options>
	<helptopics>
	</helptopics>
	<cronentries>
	</cronentries>
	<faqentries>
	</faqentries>
	<widgets>
	</widgets>
	<pagetemplates>
	</pagetemplates>
	<pages>
	</pages>
	<channels>
	</channels>
	<routes>
	</routes>
</product>
