<?xml version="1.0" encoding="ISO-8859-1"?>

<product productid="examplefilescan" active="1">
	<title>Example File Scanners</title>
	<description>Example/test code for file scanner package</description>
	<version>5.6.6</version>
	<url />
	<versioncheckurl />
	<dependencies>
		<dependency dependencytype="vbulletin" minversion="5.6.6" maxversion="" />
	</dependencies>
	<codes>
		<code version="*">
			<installcode><![CDATA[]]></installcode>
			<uninstallcode><![CDATA[]]></uninstallcode>
		</code>
	</codes>
	<templates>
	</templates>
	<stylevardfns>
	</stylevardfns>
	<stylevars>
	</stylevars>
	<hooks>
	</hooks>
	<phrases>
		<phrasetype name="vBulletin Settings" fieldname="vbsettings">
			<phrase name="examplefilescan_blockall_label" date="1465340711" username="jinsoojo" version="5.5.5 Alpha 2"><![CDATA[Block All]]></phrase>
			<phrase name="examplefilescan_blockwords_label" date="1465340711" username="jinsoojo" version="5.5.5 Alpha 2"><![CDATA[Block Words]]></phrase>
			<phrase name="setting_examplefilescan_blockwords_desc" date="1465340711" username="jinsoojo" version="5.5.5 Alpha 1"><![CDATA[If "Block Words" scanner is enabled, any file that contains any word or phrase listed here will be blocked. Separate each word or phrase with a comma. E.g. "bacon,chocolate muffin,pancake" will filter files containing "bacon", "chocolate muffin", or "pancake" but not "chocolate" or "muffin".]]></phrase>
			<phrase name="setting_examplefilescan_blockwords_title" date="1465340711" username="jinsoojo" version="5.5.5 Alpha 1"><![CDATA[Example Filescan Blocked Words]]></phrase>
		</phrasetype>
	</phrases>
	<options>
		<settinggroup name="filescanner" displayorder="6800">
			<!-- Enable option is added via hooks.php -->
			<setting varname="examplefilescan_blockwords" displayorder="1000">
				<datatype>free</datatype>
				<optioncode>input:60</optioncode>
			</setting>
		</settinggroup>
	</options>
	<helptopics>
	</helptopics>
	<cronentries>
	</cronentries>
	<faqentries>
	</faqentries>
	<widgets>
	</widgets>
	<pagetemplates>
	</pagetemplates>
	<pages>
	</pages>
	<channels>
	</channels>
	<routes>
	</routes>
</product>
